nsrrid,apen,sample_en,lz_complexity,level
202419,0.41892734595505265,0.1440379375619481,13,1
204788,0.3238140503810898,0.17140754494878185,12,3
205686,0.3274595660698707,0.24502568715910994,13,3
