nsrrid,CT90,CT88,CT86,Variance_SpO2,Skewness_SpO2,Kurtosis_SpO2,Wake_mean,Wake_min,Wake_max,Light_mean,Light_min,Light_max,Deep_mean,Deep_min,Deep_max,REM_mean,REM_min,REM_max,Mean,Minimum,Maximum,level
202419,1672.0,893.0,107.0,5.297985512475682,-2.475877576671137,6.336952218363539,94.02489316239316,83,99,95.77934065934066,85,99,96.13483870967742,95,98,95.96190476190476,88,98,95.34393514187714,83,99,1
204788,5342.0,3891.0,2641.0,34.028813355451305,-3.660887985673425,24.514381081512358,94.99448903156768,46,100,92.39168684422921,32,100,93.90573744932959,32,100,92.3,76,99,93.90573744932959,32,100,3
205686,7278.0,4824.0,3125.0,61.65274344414192,-3.0683309048686094,10.632062277526137,90.30444444444444,52,99,92.47706528018486,75,99,91.3695789806901,52,99,87.94702380952381,72,98,91.3695789806901,52,99,3
