nsrrid,PSD,Peak_fs,Spectralentropy_PSD,PSD_mean,PSD_Variance,PSD_Skewness,PSD_Kurtosis,level
202419,3.0730890942928415,51.16151570344386,4.3190273531220855,2.722973786338204,96.15859346969714,19.61163779514681,4.487553860724679,1
204788,59.432015944063544,1094.7202027629446,4.663653704667724,43.90353837599922,29659.162070118124,23.093407685511107,4.7915655212899875,3
205686,37.77158607347357,845.574694225536,4.596291258239613,26.657892857057377,10895.94835041705,34.26491154700484,5.60910068723906,3
